<addon id="repository.abuturki" name="AbuTurki Repository" version="1.0.0" provider-name="AbuTurki">
  <extension point="xbmc.addon.repository" name="AbuTurki Repo">
    <info compressed="false">https://your-server.com/addons.xml</info>
    <checksum>https://your-server.com/addons.xml.md5</checksum>
    <datadir>https://your-server.com/zips/</datadir>
  </extension>
  <extension point="xbmc.addon.metadata">
    <summary>Official AbuTurki Repository</summary>
    <description>Subscene subtitle add-on repository</description>
    <platform>all</platform>
  </extension>
</addon>
