<?xml version='1.0' encoding='utf-8'?>
<addons><addon id="service.subtitles.subscene_by_abuturki" name="Subscene.com (by AbuTurki)" version="1.0.2" provider-name="AbuTurki">
  <requires>
    <import addon="xbmc.python" version="3.0.0" />
  </requires>
  <extension point="xbmc.service.subtitles" library="default.py">
    <provides>subtitles</provides>
  </extension>
  <extension point="xbmc.addon.metadata">
    <summary>Subscene subtitles via AbuTurki</summary>
    <description>Subscene subtitle fetcher, repository-ready version</description>
    <platform>all</platform>
    <language>en</language>
  </extension>
</addon></addons>